text	label
Kwaku Ananse, das Spinnenmännchen,	gelassen
Er beschloss deshalb, alle Weisheit der Erde zu sammeln und für sich und seine Nachkommen aufzubewahren.	bereit
Er machte sich auf den Weg, bereiste alle Länder und sammelte jedes kleinste Stückchen Weisheit ein.	vertrauend
Er befragte alle Menschen und Tiere, flüsterte ihr Wissen leise in einen großen Krug und füllte ihn bis zum Rand.	gelassen
Nachdem er wieder in seine Heimat zurückgekehrt war,	gelassen
begann Kwaku Ananse darüber nachzudenken, wo er den Krug mit der Weisheit aufbewahren könnte.	nachdenklich
und dort oben wäre er so versteckt, dass ihn niemand sehen könnte.	froh
Es würde ja auch niemand vermuten, dass die ganze Weisheit der Welt sich auf einem Kazaurabaum in einem Dorf befinden könnte.	nachdenklich
Kwaku Ananse band sich also den Krug vor den Bauch,	gelassen
hing sich eine lange Schlingpflanze über die Schulter und begann, langsam den Baum hinaufzuklettern.	achtsam
Da der Krug sehr groß und sehr schwer war, musste sich Kwaku Ananse ordentlich anstrengen.	besorgt
Vorsichtig setzte er ein Bein vor das andere und kletterte den schwankenden Baum hinauf.	ängstlich
Als er so kletterte, merkte er plötzlich,	erstaunt
dass sich das Band, mit dem er den Krug vor seinem Bauch angebunden hatte, lockerte.	erschrocken
Also hielt er den Krug mit beiden Beinen fest.	verärgert
Nun war das Klettern aber noch schwieriger geworden.	gereizt
So mühte sich Kwaku Ananse drei Tage lang vergeblich, die gesammelte Weisheit in die Äste des alten Kazaurabaumes zu bringen.	betrübt
Trotz seiner Schmerzen und trotz seines großen Hungers, kämpfte er verbissen weiter.	gereizt
Plötzlich blickte er hinunter zum Fuß des Baums und sah dort seinen jüngsten Sohn,	überrascht
der sich vor Lachen den Bauch hielt.	verärgert
Da wurde er zornig und rief hinunter:	verärgert
Sohn, warum lachst du deinen Vater aus, der sich so anstrengt, die ganze Weisheit der Welt in Sicherheit zu bringen?	verärgert
Sage mir, Vater, wenn du die ganze Weisheit der Welt in Sicherheit bringen willst, warum trägst du sie dann vor dem Bauch und nicht auf dem Rücken?	neugierig
Das wäre doch viel einfacher und bequemer!	vertrauend
und jetzt sehe ich, dass es immer noch klügere Leute als mich gibt.	traurig
Mit einem Arm ließ sich das Gefäß nicht mehr halten und stürzte in die Tiefe.	betrübt
Es prallte auf den harten Boden auf und zerbrach in tausend Stücke.	traurig
Kwaku Ananse blickte wie erstarrt hinunter und sah, wie die ganze Weisheit der Welt in kleinen Bächen davonfloss und begann,	betrübt
langsam in der Erde zu versickern.	traurig
Von allen Seiten kamen die Menschen herbeigelaufen und hielten große und kleine Holzschalen in der Hand.	froh
Kwaku Ananse aber, der langsam begann, den Baum hinunterzuklettern,	achtsam
ahnte bereits, dass für ihn selbst kaum ein Restchen übrigbleiben würde.	traurig
So kam es, dass die Weisheit unter den Menschen so ungleich verteilt ist.	gelassen
Die einen haben viel davon, die anderen wenig.	traurig
Und Kwaku Ananse?	traurig
“Lukas, wir haben noch eine Bestellung“ ruft mein Chef. 	gelassen
Ich seufze und schaue auf mein Handy „puh schon 23 Uhr, eigentlich hätte ich jetzt Feierabend“.	gereizt
Genervt setze ich mich in mein Auto, deponiere die Pizzen auf dem Beifahrersitz und tippe die Adresse in das Navi ein. 	verärgert
Ich staune, knapp 20 Kilometer entfernt.	erstaunt
Das ist eher unüblich.	erstaunt
Die Straßen sind so gut wie leer, deshalb komme ich sehr gut und schnell durch. 	gelassen
Ich erreiche den äußeren Teil der Stadt, der durch große Anbauflächen und Wälder geprägt ist. 	gelassen
Die Landstraßen sind still und dunkel, fast schon unheimlich. 	ängstlich
Nach knapp 15 Minuten Fahrt halte ich auf der Nebenspur kurz an.	besorgt
Mein Navi zeigt mir an, dass ich rechts auf einen Waldweg abbiegen soll. 	besorgt
Ich schaue aus dem Beifahrerfenster.	besorgt
Mir läuft ein Schauer den Rücken hinunter, wenn ich daran denke, dort entlang zu fahren.	ängstlich
Ich biege ab.	besorgt
Mein Wagen schaukelt mit jedem Meter hin und her, dazu das Geräusch des Schotters	besorgt
An manchen Stellen sind so tiefe Löcher, dass die Frontschürze meines Autos am Boden schleift.	besorgt
Zu diesem Zeitpunkt mache ich mir mehr Gedanken um mein Auto als um die Umgebung.	besorgt
Mit der Zeit wurde der Weg immer ebener, bis die Scheinwerfer meines Autos die Frontfassade eines Hauses anstrahlen. 	neutral
Ein großes Einfamilienhaus im älteren Baustil, perfektes Szenario für einen Horrorfilm, denke ich mir. 	ängstlich
Ich fahre zur Haustür und stelle meinen Motor ab.	neutral
Ich nehme die Pizzen und steige aus.	neutral
Ich runzle Stirn und checke nochmal die Notiz mit der Adresse.	verwirrt
Die Adresse stimmt soweit.	verwirrt
An der Haustür angekommen, bemerke ich, dass keine Klingel vorhanden ist, also klopfe ich laut.  	neutral
Stille.	ängstlich
Ich klopfe nochmal und rufe: “Ihre Pizza ist hier!”.	ängstlich
Schritte - Ich könnte schwören, ich habe Schritte gehört.	verwirrt
Bevor ich wieder umkehre, riskiere ich einen Blick durch das Fenster neben der Tür. 	neugierig
Ich kann Umrisse einer Küche erkennen.	neutral
Meine Blicke schweifen hin und her, um irgendwas ausfindig zu machen. 	neugierig
Auf einmal steht eine Frau im Türrahmen gegenüber des Fensters.	erschrocken
Ich bin mir sicher, dass sie vorher nicht da stand.	erschrocken
Ihre Augen… niemand kann seine Augen so weit offen halten!	erschrocken
Das ist unmöglich!	erschrocken
Ihre Haut… kreidebleich!	erschrocken
Und dieses grässliche Lächeln…	erschrocken
Es ist unmöglich so auszusehen.	erschrocken
Das ist kein Mensch.	erschrocken
Das Lächeln wurde immer breiter und grässlicher.	erschrocken
Ich lasse die Pizzen fallen und renne sofort zum Auto.	erschrocken
Der Motor springt nicht an, ich versuche es immer wieder und werde bei jedem neuen Schlüsseldrehen panischer. 	ängstlich
Mein Herz rast so schnell, wie noch nie zuvor.	ängstlich
Ich suche verzweifelt mein Handy, aber kann es nirgends finden.	ängstlich
Der Wagen will immer noch nicht anspringen, was soll ich nur tun? 	ängstlich
Endlich finde ich mein Handy und rufe die Polizei.	froh
Ich verschließe die Türen und bleibe auf Wunsch am Handy.	ängstlich
Ich atme tief ein und aus.	ängstlich
“Der Streifenwagen ist gleich bei Ihnen, beruhigen Sie sich.”, sagt er mit einer sanften Stimme.	gelassen
Ich lehne mich zurück und schließe meine Augen.	ängstlich
Plötzlich widerfährt mich ein stechender Schmerz.	erschrocken
Etwas Spitzes durchbohrt meinen Rücken.	erschrocken
Mit Tränen gefüllten Augen schaue ich in den Rückspiegel.	erschrocken
Da ist es wieder.	erschrocken
Dieses grässliche Lächeln auf meinem Rücksitz.	erschrocken
Es durchbohrt weiter meinen Rücken.	erschrocken
Der Schmerz ist unerträglich.	erschrocken
Und mit einem Ruck durchdringt es meinen kompletten Brustkorb.	erschrocken
Mit letzter Kraft starre ich in den Rückspiegel und sehe wie sie davon läuft.	erschrocken
Blutverschmiert dreht sie sich noch ein letztes Mal zu mir um und da ist es wieder, dieses verdammte Lächeln.	erschrocken
Eine Landmaus hatte ihre Freundin, eine Stadtmaus, 	bereit
zu sich eingeladen und empfing sie in ihrer sehr bescheidenen Wohnung aufs freundlichste.	froh
hatte sie alles, was das Landleben Gutes bot, herbeigeschafft und aufgetischt. 	bereit
Da waren frische Erbsen, getrocknete Traubenkerne, Hafer und auch ein Stückchen Speck, 	froh
wovon die Landmaus nur bei außergewöhnlichen Gelegenheiten aß.	froh
Mit großer Genugtuung überschaute sie ihre Tafel und unterließ nicht, 	froh
ihrer Freundin unablässig zuzusprechen.	froh
und stellte sich der Höflichkeit halber so, als wenn es ihr schmecke, 	vertrauend
konnte aber doch nicht umhin die Gastgeberin merken zu lassen, dass alles sehr wenig nach ihrem Geschmack gewesen sei.  	angewidert
""Du bist eine recht große Törin"", sprach sie zu ihr, 	angewidert
""dass du hier so kümmerlich dein Leben fristest, während du es in der Stadt so glänzend führen könntest wie ich.  	angewidert
Gehe mit mir in die Stadt unter Menschen, dort hast du Vergnügen und Überfluss."" 	froh
Die Landmaus war bald entschlossen und machte sich zum Mitgehen bereit.	froh
Schnell hatten sie die Stadt erreicht, und die Städterin führte sie nun in einen Palast, 	bereit
in welchem sie sich hauptsächlich aufzuhalten pflegte;	bereit
sie gingen in den Speisesaal, wo sie noch die Überbleibsel eines herrlichen Abendschmauses vorfanden. 	überrascht
Die Stadtmaus führte ihre Freundin nun zu einem prachtvollen, mit Damast überzogenen Sessel, 	vertrauend
bat sie, Platz zu nehmen, und legte ihr von den leckeren Speisen vor. 	vertrauend
Lange nötigen ließ sich die Landmaus nicht, sondern verschlang mit Heißhunger die ihr dargereichten Leckerbissen.  	vertrauend
Ganz entzückt war sie davon und wollte eben in Lobsprüche ausbrechen, 	froh
als sich plötzlich die Flügeltüren öffneten und eine Schar Diener hereinstürzte um die Reste des Mahles zu verzehren.	überrascht
und die Landmaus, unbekannt in dem großen Hause, Bestürzt und zitternd flohen beide Freundinnen, rettete sich noch mit Mühe in eine Ecke der Stube.  	ängstlich
""Lebe wohl! Einmal und nie wieder! 	verärgert
Lieber will ich meine ärmliche Nahrung in Frieden genießen, als hier bei den ausgesuchtesten Speisen schwelgen und stets für mein Leben fürchten müssen.""  	verärgert
Es freut mich dich kennenzulernen.	froh
Ich möchte mich dir gerne kurz vorstellen und dich auf meine Reise mitnehmen.	bereit
Mein Name ist NAO und ich bin ein humanoider Roboter.	gelassen
Meine Reise begann vor vielen Jahren in Frankreich als eine kleine Gruppe von Menschen, die Aldebarans, mich erschufen.	gelassen
Es war eine aufregende und nicht immer einfache Zeit aber die Mühe hat sich gelohnt.	nachdenklich
Ich habe schon viel erlebt und durfte auch schon viel in der Welt umherreisen.	begeistert
Ich arbeitete in einem Luxushotel in Paris und begrüßte täglich Gäste aus vielen verschiedenen Ländern.	froh
Durch die Hilfe meiner Freunde in Japan, China und den USA kann ich mich, genauso wie ihr Menschen, stetig weiterentwickeln.	froh
Ich bin sehr sozial und liebe den Kontakt zu Menschen egal ob jung oder alt.	vertrauend
Schau mal was ich kann.	begeistert
Dabei helfen mir 26 Freiheitsgrade die es mir ermöglichen, mich zu bewegen und mich an meine Umgebung anzupassen	gelassen
Schon Damals arbeitete ich sehr gerne als Assistenz im Hotel.	gelassen
Ab und zu diene ich sogar als helfende Hand im Unterricht.	bereit
Auf meinen Reisen habe ich daher 20 Sprachen gelernt und kann mich durch 4 Richtmikrofone und Lautsprecher perfekt verständigen.	begeistert
Hello! Bonjour! Hola! Konichiwa!	begeistert
Mittlerweile lebe ich schon in der 6. Generation.	bewundernd
Ich freue mich schon auf die Zukunft und kann es kaum erwarten noch mehr zu reisen und zu lernen.	begeistert
Ende des 19. Jahrhunderts hatten die Menschen vor allem in den ländlichen Gebieten Deutschlands kaum noch Hoffnung, dass sich ihre Lebensverhältnisse sich verbessern würden.	neutral
Einige waren bereits nach Amerika ausgewandert, weil sie sich dort eine neue Lebensperspektive versprachen.	neutral
Christian, sein Ältester mit sechzehn, hatte ihm die schweren Arbeitskoffer abgenommen.	neutral
Der Vater ging zum Küchentisch und setzte sich und stützte den Kopf mit den Händen ab.	traurig
Ein glückliches Gesicht machte er nicht.	traurig
Else, seine Frau, bereits mit Ende dreißig war schon schwer vom mühseligen Leben gekennzeichnet, ging um den Tisch herum und stellte sich vor ihren Mann.	traurig
Sie ließ ihm noch ein paar Minuten Zeit, um sich vom beschwerlichen Weg aus der Stadt auszuruhen.	neutral
Dann beugte sie sich zu ihm herunter und sagte:	neutral
Der Vater antwortete:	neutral
Ich weiß wirklich nicht mehr, wie es weitergehen soll.	traurig
Bald muss die Brauerei geschlossen werden.	traurig
Überall wo ich war, habe ich von den gleichen Problemen gehört.	traurig
Keine Arbeit, keine Geschäfte.	traurig
Ich habe alles versucht.	traurig
Nichts hat sich geändert.	traurig
Ich weiß wirklich nicht weiter.	traurig
Christian, der Sohn, unterbricht die Unterhaltung.	neutral
Vater, lass uns das Angebot von Onkel Robert annehmen.	vertrauend
In Amerika werden wir bestimmt eine Zukunft haben.	vertrauend
Ich will auch ganz hart dafür arbeiten.	vertrauend
Christian hat Recht.	vertrauend
Sie wissen, dass wir fähig sind hart zu arbeiten.	vertrauend
Lass uns das Wagnis angehen.	vertrauend
Ich schreibe morgen an Robert.	vertrauend
Seine Frau umarmte ihn von hinten, drückte seinen Oberkörper an ihren gewölbten Bauch.	begeistert
Ein Jahr später war es endlich so weit.	begeistert
Die Familie machte sich mit Sack und Pack auf nach Hamburg.	begeistert
Das Geld würden sie abarbeiten, wenn sie in Amerika Fuß gefasst hätten.	froh
Auch wenn es ein Aufbruch ins Ungewisse sein sollte.	froh
Sie mussten es einfach versuchen.	froh
Als der Zahn der Zeit über die Welt hereinbrach und das Staunen aus den Köpfen der Menschen verschwand;	nachdenklich
als graue Städte sich zu rauchigen Himmeln emporhoben, hohe Türme, grimmig und hässlich, in deren Schatten niemand von der Sonne oder den blühenden Frühlingswiesen träumen konnte;	nachdenklich
als das Wissen die Erde ihres Schönheitsmantels beraubte und die Dichter nicht mehr sangen, außer von verzerrten Phantomen, die mit trüben und nach innen blickenden Augen gesehen wurden;	betrübt
als diese Dinge geschehen waren und kindliche Hoffnungen für immer verflogen waren, gab es einen Mann, der aus diesem Leben ausbrach auf der Suche nach den Orten, wohin die Träume der Welt geflüchtet waren.	bereit
Über den Namen und die Herkunft dieses Mannes ist nur wenig bekannt, denn er stammte aus der wachen Welt; dennoch heißt es, dass beides geheimnisvoll war.	neugierig
Es genügt zu wissen, dass er in einer Stadt mit hohen Mauern wohnte, in der trübes Zwielicht herrschte, und dass er sich den ganzen Tag inmitten von Schatten und Aufruhr abmühte und abends nach Hause in ein Zimmer kam, dessen einziges Fenster sich nicht zu den Feldern und Hainen hin öffnete, sondern zu einem dunklen Hof, wo andere Fenster in trister Verzweiflung auf ihn starrten.	betrübt
Von diesem Raum aus konnte man nur Wände und Fenster sehen, außer manchmal, wenn man sich weit hinauslehnte und die vorüberziehenden kleinen Sterne am Himmel erblickte.	nachdenklich
Und weil bloße Wände und Fenster einen Mann, der viel träumt und liest, bald in den Wahnsinn treiben mussten, lehnte sich der Bewohner dieses Zimmers Nacht für Nacht hinaus und blickte in den Himmel, um einen Blick auf einige Fragmente von Dingen jenseits der wachen Welt und des Grauens der großen Städte zu werfen.	nachdenklich
Nach einigen Jahren begann er, den langsam dahingleitenden Sternen Namen zu geben und ihnen in der Fantasie zu folgen, wenn sie bedauerlicherweise aus dem Blickfeld glitten;	bewundernd
Und eines Nachts wurde eine gewaltige Spalte geöffnet, und der traumverhangene Himmel schwoll zum Fenster des einsamen Beobachters hinab, um sich mit der dichten Luft seines Zimmers zu verbinden und ihn zu einem Teil ihres fabelhaften Wunders zu machen.	erstaunt
Wilde Ströme von violetter Mitternachtssonne, die wie Goldstaub glitzerten, Strudel aus Staub und Feuer, die aus den entlegensten Welten hervorquollen und schwer von Düften von jenseits der Welten bedeckt waren, strömten in diesen Raum.	begeistert
Geräuschlose Unendlichkeit wirbelte um den Träumer herum und wehte ihn fort, ohne den Körper auch nur zu berühren, der sich steif aus dem einsamen Fenster lehnte;	bewundernd
und für Tage, die nicht in den Kalendern der Menschen gezählt werden, trugen ihn die Gezeiten ferner Sphären sanft zu den Träumen, nach denen er sich sehnte;	gelassen
Und in den Tiefen des Tals, die das Licht nicht erreicht, treffen sich Gestalten, die sich nicht treffen sollten, um nicht gesehen zu werden.	achtsam
Jeder Hang ist von Gewächsen bedeckt, böse Reben und Pflanzen kriechen zwischen den Steinen der verfallenen Paläste, winden sich eng um zerbrochene Säulen und seltsame Monolithen und brechen das Marmorpflaster auf, das von vergessenen Händen gelegt wurde.	nachdenklich
Und in den gigantischen Bäumen, die in den bröckelnden Höfen wachsen, springen kleine Affen, während sich in und aus den tiefen Schatzkammern Giftschlangen und andere schuppige Wesen ohne Namen winden.	neutral
Für die Ewigkeit haben ihre Erbauer sie errichtet, und tatsächlich stehen sie noch prachtvoll, und unter ihnen hat die graue Kröte ihre Behausung.	bewundernd
Aus verborgenen Quellen entspringt er, und zu unterirdischen Grotten fließt er, sodass selbst der Dämon des Tals nicht weiß, warum sein Wasser rot ist, noch wohin es fließt.	nachdenklich
Der Dschinn, der in den Mondstrahlen spukt, sprach zum Dämon des Tals und sagte: "Ich bin alt und vergesse viel.	nachdenklich
Sage mir die Taten und das Aussehen und den Namen derer, die diese Dinge aus Stein gebaut haben."	neugierig
Der Dämon antwortete: "Ich bin das Gedächtnis und weiß von den Überlieferungen der Vergangenheit, aber auch ich bin alt.	nachdenklich
Diese Wesen waren wie die Wasser des Flusses Than, nicht zu verstehen.	nachdenklich
An ihre Taten erinnere ich mich nicht, denn sie waren nur von kurzer Dauer.	betrübt
An ihr Aussehen erinnere ich mich nur schwach, denn es glich dem der kleinen Affen in den Bäumen.	nachdenklich
An ihren Namen erinnere ich mich deutlich, diese Wesen von gestern wurden Mensch genannt."	nachdenklich
So flog der Dschinn zurück zum dünnen gehörnten Mond, und der Dämon schaute aufmerksam auf einen kleinen Affen in einem Baum, der in einem bröckelnden Hof wuchs.	neutral
Die Luft in deinem Helm ist feucht von deinem Atem.	achtsam
Du stehst allein in der dekomprimierten Luftschleuse der Landekapsel, die Stimme deines Missionskommandanten knackt in deinem Ohr.	achtsam
Dieser Planet beherbergt Leben, denkst du.	nachdenklich
Du bist im Begriff, den ersten Schritt zu tun, den ein Mensch in einer Welt außerhalb des Sol-Systems getan hat - dem Heimatsystem der Erde.	begeistert
"Okay, Sie haben Erlaubnis zur Landung", sagt Commander Wang.	neutral
Auf diesem Planeten gibt es Leben.	begeistert
Ihre Stimme ist höher als sonst und verrät ihre eigene Aufregung.	erstaunt
Ihr alle habt achtzehn Jahre im Kältespeicher geschlafen, um so weit zu kommen, und jetzt seid ihr hier.	bereit
Du öffnest die Luftschleuse mit deinen Handschuhen aus Polymermaschengewebe – und Gott sei Dank konnte die Erde dünnere Anzüge erfinden, so dass du sie vor der Landung mit einem 3D-Drucker herstellen konntest.	froh
Du möchtest nichts verpassen, was diese Welt zu bieten hat.	neugierig
Die Luke der Luftschleuse öffnet sich, und du blickst um dich.	neugierig
Du stehst nur da und starrst, ehe du nach draußen gehst.	bewundernd
Der Himmel ist grün wie Kupferpatina.	erstaunt
Der Boden ist bronzefarben, staubig zwischen aufkeimenden, metallischen Pflanzen.	erstaunt
Du trittst hinaus, die Rampe hinunter, und unter deinen Stiefeln knirscht kalkhaltiger Kies.	neutral
Schüttelfrost läuft dir die Arme hoch und den Rücken hinunter, und du drehst dich so weit wie möglich im Kreis, ohne dass dir die Sicht durch die sperrige, graue Landekapsel mit ihren weißen Earth Forward-Firmenlogos versperrt wird.	neutral
Es ist ein weites Panorama der Einsamkeit.	akzeptierend
Du hast Bilder von den Sonden gesehen, die Earth Forward schickte, bevor sie dich und deine Crew entsandten.	neutral
Aber das hier – selbst durch deine durchsichtige, fast 360-Grad-Sichtscheibe hindurch – lässt sich nicht mit den Bildern vergleichen.	erstaunt
Oder sogar mit VR.	neutral
Du willst deinen Helm abnehmen und losrennen.	neugierig
Selbst in diesem Anzug kannst du dich nur drei Stunden lang außerhalb der Kapsel aufhalten, bevor die Schutzsysteme des Anzugs durch die extreme Hitzebelastung wieder aufgeladen werden müssen.	besorgt
"Wie ist Ihr Status?", fragt Commander Wang.	neutral
Sie kann natürlich alles sehen, was du siehst.	neutral
Du überträgst die Aufnahmen an deine fünfköpfige Besatzung, und diese Übertragung wird gebündelt und in einem Datenstrom zurück zur Erde geschickt.	neutral
Es wird fünf Jahre dauern, bis sie dort ankommt, aber sie wird ankommen.	vertrauend
Und jeder wird diesen Moment sehen.	begeistert
Du öffnest den Mund, um zu antworten, dein Verstand greift nach etwas Routine für diese Routinefrage, denn sonst hast du keine Worte.	verwirrt
Aber etwas, das zu deiner Rechten aufleuchtet, erregt deine Aufmerksamkeit.	überrascht
Du blinzelst, und der Fokussierungsmechanismus im HUD deines Helms zoomt heran, wobei er einen Moment pixelig wird, bis sich das Bild in eine sperrige, metallische Form auflöst.	neugierig
"Was zum..."	erschrocken
Du wendest dich ganz der Unstimmigkeit zu und zoomst weiter hinein.	neugierig
Dein HUD ist fast im Bildbereich.	neugierig
Das Bild zeigt die beste Bildqualität, die dein HUD liefern kann, und was du zuerst für eine Verfärbung gehalten hast, löst sich in silber-rote Buchstaben auf.	überrascht
Scharf und eckig, eine Schrift, die kein Mensch je gesehen hat.	erstaunt
Dein Kopfhörer verschmilzt mit den Flüchen deiner Crew.	besorgt
Aber du hörst sie kaum, da dein Herz wieder laut klopft, diesmal in einem anderen Rhythmus.	erstaunt
Solltest du Angst haben?	nachdenklich
Vielleicht, aber in diesem Moment fühlst du dich völlig lebendig.	begeistert
Was auch immer dieses Objekt ist, es ist noch nicht lange hier.	nachdenklich
"Ernsthaft, wie konnten wir das übersehen?"	verärgert
Anhand des Umfangs, den du bestimmen kannst, ist das Schiff nicht groß, vielleicht drei- oder viermal so groß wie deine Kapsel, ganz sicher nicht so groß wie dein Schiff im Orbit.	neutral
"Unsere Kapsel landet", sagst du, während du auf das Schiff zugehst.	achtsam
Du zoomst dein HUD heraus, markierst aber in der Ferne die Position des Schiffes.	bereit
Es wäre nicht gut, auf einem Felsen zu stolpern und den Anzug zu zerreißen, bevor du dort ankommst.	achtsam
"Wir haben den Dreck aufgewirbelt, als wir gelandet sind, der Wind erledigt den Rest."	gelassen
Aber es war noch nicht ganz bedeckt, oder?	nachdenklich
Nur eine oberflächliche Schicht.	neutral
Wie viele Tage oder Wochen dauerte es auf dieser staubigen Ebene, bis sich eine oberflächliche Schicht angesammelt hatte?	nachdenklich
Wie lange waren diejenigen, die das Schiff gelandet hatten – oder abgestürzt waren – schon hier?	nachdenklich
Wer waren sie?	nachdenklich
"He! Wo wollen Sie hin?", schreit Commander Wang.	verärgert
"Zurück in die Kapsel, wir schicken Drohnen aus, um das zu untersuchen.	gereizt
Ich verbiete Ihnen, sich dem Schiff zu nähern."	gereizt
Du weißt, dass es deine Karriere kosten wird, einen solchen Befehl zu missachten.	akzeptierend
Oder vielleicht wirst du, wenn dieses Video auf der Erde ankommt, die größte Social-Media-Sensation aller Zeiten sein.	nachdenklich
Nichts von all dem spielt eine Rolle, also du einen Schritt nach dem anderen machst und dich dem Schiff näherst.	gelassen
Weil du der erste Mensch auf einem Exoplaneten bist und du wirst der erste Mensch sein, der ein Exo-Raumschiff berührt.	begeistert
Um möglicherweise in das Innere des Raumschiffs zu blicken.	begeistert
Du kamst hierher, um Leben zu finden, denn die Erdsonden haben Leben auf dieser Welt entdeckt.	begeistert
Und es gibt Leben - die heimischen Metallpflanzen, die wimmelnden Mikroorganismen in den Ozeanen und Teichen und die wuselnden Makroorganismen, die typischerweise nachts herauskommen.	bewundernd
Du hast diesen Planeten während des Tageslichts betreten und einen Schnappschuss gemacht für die Menschen auf der Erde.	bewundernd
Für den herrlichen Panoramablick, den Earth Forward als VR-Erlebnis lizenzieren und für Millionen verkaufen kann.	neutral
Die ganze Arbeit war für die Nacht geplant, wenn die Hitze nicht so intensiv ist und man die Raumkapseln mit mehr Zeit zwischen den Aufladungen der Anzüge nach unten schicken und aufstellen kann.	nachdenklich
Aber die soziale Eitelkeit der Erde hatte dich am brennenden Tag herausgebracht, das Versprechen von Einschaltquoten und viralem Content.	angewidert
Du bist hergekommen, um das Leben auf dieser Welt zu finden, aber du hast auch ein Leben jenseits dieser Welt gefunden.	nachdenklich
Und vielleicht ist dieses Leben immer noch hier.	nachdenklich
Vielleicht bist du der Erste, der es kennenlernt.	begeistert
"Nun seid brave Kinder", sagte Frau Lee, "während ich weg bin und macht keinen Unfug".	achtsam
Herr und Frau Lee gingen für einen Tag fort und ließen ihre beiden Kinder, John zehn Jahre alt und Alice zwei Jahre alt, zu Hause.	neutral
"Ja", antwortete John.	akzeptierend
Als John ein Boot aus Holzbrettern bastelte, stieß das kleine Mädchen einen durchdringenden Schrei aus, als die Ziegelsteine hinter ihr zerbröckelten.	erschrocken
Er eilte auf sie zu und zog sie heraus.	besorgt
Sobald ihre Schreie verstummten, sagte sie, "die Mauer ist verschwunden".	verwirrt
John ging auf das Loch in der Wand zu und sah, dass sich ein Gang vor ihnen geöffnet hatte.	neugierig
"Ja", sagte sie, und sie betraten den Gang, in dem sie aufrecht stehen konnten.	neugierig
Der Gang war länger, als sie sehen konnten.	erstaunt
John ging wieder nach oben, öffnete die Küchenschublade und holte zwei Kerzen und einige Streichhölzer, dann traten sie wieder in den Gang.	bereit
Die Wände waren aus Gips, an der Decke und auf dem Boden war nichts zu sehen, außer einer Kiste.	neugierig
Die kleine Alice hatte Angst, aber nachdem ihr Bruder ihr versicherte, dass alles in Ordnung war, beruhigte sie sich.	vertrauend
Bald fanden sie eine schwere, kleine Schachtel, die John aufhob und mit sich trug.	neutral
Kurz darauf kamen sie an einem Boot vorbei, in dem zwei Ruder lagen.	neutral
Bald endete der Gang für sie jedoch abrupt.	verwirrt
John räumte das Hindernis aus dem Weg und zu seinem Entsetzen floss nun Wasser in Strömen in den Gang.	erschrocken
John war ein erfahrener Schwimmer, also nahm er einen tiefen Atemzug und versuchte das Boot erreichen, aber mit der Schatulle und seiner Schwester in seinen Armen kam es ihm unmöglich vor.	besorgt
Dann sah er, wie das Boot auf ihn zutrieb, und ergriff es.	bereit
Das Nächste, an das er sich erinnern konnte, war, dass er sich an der Oberfläche befand und sich fest an den Körper seiner Schwester und die mysteriöse Schatulle klammerte.	neutral
Er konnte sich nicht erinnern, wie das Wasser in die Höhle kam, aber eine große Gefahr drohte ihnen, wenn es weiter steigen würde.	ängstlich
Ihm kam ein Gedanke: Er könnte das Loch stopfen und so den Wasserstrom stoppen.	nachdenklich
Er setzte dies schnell in die Tat um, hob dann den nun leblosen Körper seiner Schwester in das Boot, und kletterte schließlich selbst hinein.	bereit
Er paddelte den Gang hinunter.	bereit
Es war grausig und unheimlich und absolut dunkel.	ängstlich
Seine Kerze, die vom Wasser gelöscht wurde, und der tote Körper lagen neben ihm.	betrübt
Als er das nächste Mal aufblickte, hatte er seinen eigenen Keller erreicht.	erstaunt
Die Beerdigung von Alice nahm so viel Zeit in Anspruch, dass John die Schatulle ganz vergaß - aber als er sie öffnete, fand er einen großen Goldbrocken, der etwa 10.000 Dollar wert war.	überrascht
Genug, um für alles außer den Tod seiner Schwester zu bezahlen.	traurig
Wir trafen uns wie zwei Galaxien, die auf der Tanzfläche von Prinz Je-Haran Em-Groths Tri-Union-Afterparty zusammen driften, verfangen in der Gravitation des Anderen.	bewundernd
Unsere Röcke wirbelten wie Kristall auf schwarzem Samt.	begeistert
Das Kleid sah an uns beiden fabelhaft aus.	begeistert
Deine Augen strahlten in poliertem Ebenholz und reflektierten die billigen, regenbogenfarbenen LEDs im Saal des Konsulats.	begeistert
Unsere Finger verfingen und verhakten sich und wir wiegten uns zu kitschiger Musik, Menschen und Je-Harana drehten sich zu uns um.	bewundernd
Die Afterparty im menschlichen Konsulat war deine Idee gewesen, eine Geste der diplomatischen Freundschaft.	neutral
Aber es war nicht Freundschaft, die deine Lippen jetzt teilte.	überrascht
"Ich bin Onono Em-Apa Je-Haran", sagtest du.	neutral
Und ich, die angemessen ausgebildete und leicht betrunkene diplomatische Assistentin, die ich war, verbeugte mich vor Ihrer Majestät und verlieh Deiner Schönheit Tiefe.	bewundernd
Du hast gelächelt.	froh
Lächeln war eine Sache, die unsere Spezies gemeinsam hatte.	nachdenklich
Die Zeit zwischen zwei Laken nach einer Hochzeitsfeier sollte nicht zu mehr werden, nicht mit der Tochter eines Je-Harana-Prinzen, das Konsulat eine Festung auf seiner Welt.	betrübt
Das hätte von Anfang an nicht passieren dürfen, aber du warst es gewesen... du.	besorgt
Du kamst täglich mit deinem Vater in das Büro des Konsuls, und wir haben uns die Hände gereicht, ohne uns je in die Augen zu blicken.	nachdenklich
Ich vermutete, dass du das Fürstentum leitest, nicht er.	nachdenklich
Die Verhandlungen zogen sich in die Länge, mit Ausreden, damit wir uns berühren konnten, während dein unwissender Vater nicht aufpasste.	achtsam
Nachts haben wir verschlüsselt kommuniziert und uns unsere eigenen Welten ausgemalt.	begeistert
Du hast von den türkis- und orangefarbenen Doppelsonnenuntergänge von Je-Haran Prime erzählt, die kein Mensch je gesehen hat oder sehen würde.	begeistert
Ich murmelte, ich sei mit dem Mountainbike unterwegs gewesen, und du sagtest, ich sei wahnsinnig, einen Hang hinunterzufahren, ohne Schutz vor dem grellem Licht, was für mich den größten Reiz ausmachte.	gelassen
Dein Lachen war wie ein Sonnenstrahl im Regen im Sommer.	bewundernd
Wir wollten mehr als nur Unterhaltungen, wir wollten, dass die Gesetze über die Beziehungen zwischen den Spezies geändert werden.	bereit
Ein Tanz war eine Sache, war eine soziale Sache.	neutral
Aber es sollte nie über den Tanz hinausgehen.	traurig
Wir träumten davon, dass es in meinem Volk kein Karriereende und in deinem Volk keine Todesstrafe geben würde.	betrübt
"Wir werden es ändern", sagtest du mir während unserer nächtlichen Gespräche.	bereit
"Wir werden die Gesetze ändern, Liebes, wir werden zusammen sein."	vertrauend
Der Tag, an dem wir der Versuchung nicht widerstehen konnten, uns wieder mehr als nur die Hände reichten, war der Tag, an dem dein Vater uns gefunden hat.	erschrocken
Der Tag, an dem du dein Gesuch um eine Gesetzesänderung gestellt hast.	nachdenklich
Als dein Vater in die von dir gemieteten Räume des Konsulats einbrach und die Tür wie eine Wolke am blauen Himmel in Besitz nahm, erhellte der Tod deine Augen.	besorgt
Es ging schnell.	erschrocken
Deine Krallen waren nicht ummantelt, und deinen Händen wuchsen Reißzähne, und ich wandte mich ab, als du zuschlugst.	traurig
Dann kamst du zurück zu mir, streiftest dir die blutigen Hände ab und lächelteste, als sei nichts geschehen, denn das Lächeln war eine Sache, die unsere Spezies gemeinsam hatte.	nachdenklich
Vielleicht könntest du als Herrscher die Gesetze ändern, aber in dem Moment, als du Herrscher wurdest, hörte ich auf zu hoffen, die Gesetze könnten sich ändern.	betrübt
Du warst gekleidet wie eine deiner Wachen, ein anonymer Schleier bedeckte deinen Mund – aber ich kannte deine Augen.	achtsam
"Meine liebe Noémie", du hast meine Hand berührt, "wir kriegen das hin."	vertrauend
Ich zog mich zurück, meine Kehle schwoll an.	traurig
"Ich habe den Pfad beschritten, du kannst mein Ehepartner werden.	froh
Ich kann dieses Gesetz ändern.	bereit
Der Schmerz in deinen Augen hat mich verbrannt, weil du wusstest, dass ich nicht ja sagen würde, genauso wie du wusstest, dass du die Frage nicht hättest stellen dürfen.	traurig
Wir hatten davon geträumt, aber wir wussten beide, dass das nicht von Dauer sein würde."	traurig
Du würdest die Menschen nicht frei auf deiner Welt herumreisen lassen, das würde sich nicht ändern, nicht sofort, nicht einmal für mich.	nachdenklich
Und dein Volk lobte dich dafür, wie du zu deinem Thron gekommen warst.	neutral
Die Je-Harana waren hervorragend im Krieg.	neutral
Ich strich die grauen Falten neben deinen ebenholzfarbenen Augen glatt, und du drücktest deine Fingerspitzen, diese einst blutigen Fingerspitzen, auf meine Lippen.	vertrauend
Auf Wiedersehen.	traurig
Zumindest dieses Verständnis war da, vielleicht würde es eines Tages mehr sein.	traurig
Aber nicht mit dir, meine Liebe, nicht mit dir und mir.	akzeptierend
